Тип (official_short_type);Номер (ref);Напряжение (voltage);Название (name);Трансформаторная мощность, МВА (rating);Год ввода (start_date);Оператор (operator);Филиал (branch)
ПС;;500/220/110/10;Арзамасская;1512;;ПАО «ФСК ЕЭС»;МЭС Волги/Нижегородское ПМЭС
ПС;;500/220/110/10;Луч;1002;;ПАО «ФСК ЕЭС»;МЭС Волги/Нижегородское ПМЭС
ПС;;500/220/10;Нижегородская;1002;;ПАО «ФСК ЕЭС»;МЭС Волги/Нижегородское ПМЭС
ПС;;500/220/10;Осиновка;1002;;ПАО «ФСК ЕЭС»;МЭС Волги/Нижегородское ПМЭС
ПС;;500/110/10;Радуга;1250;;ПАО «ФСК ЕЭС»;МЭС Волги/Нижегородское ПМЭС
ПС;;220/110/35/10;Макарьево;98;;ПАО «ФСК ЕЭС»;МЭС Волги/Нижегородское ПМЭС
ПС;;220/110/35/10;Семёновская;356;;ПАО «ФСК ЕЭС»;МЭС Волги/Нижегородское ПМЭС
ПС;;220/110/35/10;Сергач;260;;ПАО «ФСК ЕЭС»;МЭС Волги/Нижегородское ПМЭС
ПС;;220/110/35/6;Кудьма;251;;ПАО «ФСК ЕЭС»;МЭС Волги/Нижегородское ПМЭС
ПС;;220/110/10;Бобыльская;126;;ПАО «ФСК ЕЭС»;МЭС Волги/Нижегородское ПМЭС
ПС;;220/110/10;Борская;250;2015;ПАО «ФСК ЕЭС»;МЭС Волги/Нижегородское ПМЭС
ПС;;220/110/10;Заречная;400;;ПАО «ФСК ЕЭС»;МЭС Волги/Нижегородское ПМЭС
ПС;;220/110/10;Нагорная;600;;ПАО «ФСК ЕЭС»;МЭС Волги/Нижегородское ПМЭС
ПС;;220/110/10;Ока;325;;ПАО «ФСК ЕЭС»;МЭС Волги/Нижегородское ПМЭС
ПС;;220/110/10;Узловая;131.3;;ПАО «ФСК ЕЭС»;МЭС Волги/Нижегородское ПМЭС
ПС;;220/110/10;Этилен;250;;ПАО «ФСК ЕЭС»;МЭС Волги/Нижегородское ПМЭС
ПС;;220/35/10;Рыжково;29;;ПАО «ФСК ЕЭС»;МЭС Волги/Нижегородское ПМЭС
ПС;;220/35/20;Русвинил;;2014;ООО «Русвинил»;
ПС;;220/110/10;Дизель;400;1993;ООО «Заводские сети»;
ПС;;220/10;Ермолово;378;;ПАО «ФСК ЕЭС»;МЭС Волги/Нижегородское ПМЭС
ПС;;220/10;Лукояновская;126;;ПАО «ФСК ЕЭС»;МЭС Волги/Нижегородское ПМЭС
ПС;;220/10;Пильна;126;;ПАО «ФСК ЕЭС»;МЭС Волги/Нижегородское ПМЭС
ПС;;220/10;Починковская-1;378;;ПАО «ФСК ЕЭС»;МЭС Волги/Нижегородское ПМЭС
ПС;;220/10;Починковская-2;252;;ПАО «ФСК ЕЭС»;МЭС Волги/Нижегородское ПМЭС
ПС;;220/10;Филатово;252;;ПАО «ФСК ЕЭС»;МЭС Волги/Нижегородское ПМЭС
ПС;;220;Сасово;;;АО «Саровская электросетевая компания»;
ПП;;220;Зелецино;;2012;ПАО «ФСК ЕЭС»;МЭС Волги/Нижегородское ПМЭС
РП;;220;Сеченово;;;ПАО «ФСК ЕЭС»;МЭС Волги/Нижегородское ПМЭС
ПС;;110/35/10/6;Починки-110;75.6;1962;ПАО «МРСК Центра и Приволжья»;Нижновэнерго/Арзамасские ЭС
ПС;;110/35/10;Арзамас-110;80;1956;ПАО «МРСК Центра и Приволжья»;Нижновэнерго/Арзамасские ЭС
ПС;;110/35/10;Арзинка;5.6;1964;ПАО «МРСК Центра и Приволжья»;Нижновэнерго/Арзамасские ЭС
ПС;;110/35/10;Большое Маресьево;20;1975;ПАО «МРСК Центра и Приволжья»;Нижновэнерго/Арзамасские ЭС
ПС;;110/35/10;Бриляковская;26;1955;ПАО «МРСК Центра и Приволжья»;Нижновэнерго/Балахнинские ЭС
ПС;;110/35/10;Бутурлино;20;1981;ПАО «МРСК Центра и Приволжья»;Нижновэнерго/Сергачские ЭС
ПС;;110/35/10;Вадская;20;1966;ПАО «МРСК Центра и Приволжья»;Нижновэнерго/Арзамасские ЭС
ПС;;110/35/10;Варнавино;12.6;1987;ПАО «МРСК Центра и Приволжья»;Нижновэнерго/Семёновские ЭС
ПС;;110/35/10;Ветлуга;26;1963;ПАО «МРСК Центра и Приволжья»;Нижновэнерго/Уренские ЭС
ПС;;110/35/10;Воскресенская;26;1963;ПАО «МРСК Центра и Приволжья»;Нижновэнерго/Семёновские ЭС
ПС;;110/35/10;Выездное;21.3;1953;ПАО «МРСК Центра и Приволжья»;Нижновэнерго/Арзамасские ЭС
ПС;;110/35/10;Гагаринская;16;1978;ПАО «МРСК Центра и Приволжья»;Нижновэнерго/Уренские ЭС
ПС;;110/35/10;Гагино;20;1990;ПАО «МРСК Центра и Приволжья»;Нижновэнерго/Сергачские ЭС
ПС;;110/35/10;Губцевская;20;1955;ПАО «МРСК Центра и Приволжья»;Нижновэнерго/Балахнинские ЭС
ПС;;110/35/10;Дальнее Константиново;32;1971;ПАО «МРСК Центра и Приволжья»;Нижновэнерго/Кстовские ЭС
ПС;;110/35/10;Дивеево;26;1971;ПАО «МРСК Центра и Приволжья»;Нижновэнерго/Южные ЭС
ПС;;110/35/10;Жемчуг;20;1982;ПАО «МРСК Центра и Приволжья»;Нижновэнерго/Южные ЭС
ПС;;110/35/10;Зиновьево;32;1992;ПАО «МРСК Центра и Приволжья»;Нижновэнерго/Семёновские ЭС
ПС;;110/35/10;Кардавиль;20;1992;ПАО «МРСК Центра и Приволжья»;Нижновэнерго/Арзамасские ЭС
ПС;;110/35/10;Княгинино;20;1962;ПАО «МРСК Центра и Приволжья»;Нижновэнерго/Сергачские ЭС
ПС;;110/35/10;Ковернинская;20;1983;ПАО «МРСК Центра и Приволжья»;Нижновэнерго/Балахнинские ЭС
ПС;;110/35/10;Комплекс;32;1976;ПАО «МРСК Центра и Приволжья»;Нижновэнерго/Дзержинские ЭС
ПС;;110/35/10;Конново;7.5;1984;ПАО «МРСК Центра и Приволжья»;Нижновэнерго/Южные ЭС
ПС;;110/35/10;Кострово;8.8;1985;ПАО «МРСК Центра и Приволжья»;Нижновэнерго/Балахнинские ЭС
ПС;;110/35/10;Кузьминка;11.9;1965;ПАО «МРСК Центра и Приволжья»;Нижновэнерго/Сергачские ЭС
ПС;;110/35/10;Линда;20;1972;ПАО «МРСК Центра и Приволжья»;Нижновэнерго/Семёновские ЭС
ПС;;110/35/10;Лукоянов-110;32;1958;ПАО «МРСК Центра и Приволжья»;Нижновэнерго/Арзамасские ЭС
ПС;;110/35/10;Митино;32;1981;ПАО «МРСК Центра и Приволжья»;Нижновэнерго/Центральные ЭС
ПС;;110/35/10;Нива;16.3;1978;ПАО «МРСК Центра и Приволжья»;Нижновэнерго/Кстовские ЭС
ПС;;110/35/10;Орбита;50;1979;ПАО «МРСК Центра и Приволжья»;Нижновэнерго/Арзамасские ЭС
ПС;;110/35/10;Останкино;35.2;1950;ПАО «МРСК Центра и Приволжья»;Нижновэнерго/Семёновские ЭС
ПС;;110/35/10;Панфилово;20;1981;ПАО «МРСК Центра и Приволжья»;Нижновэнерго/Арзамасские ЭС
ПС;;110/35/10;Перевоз;26;1982;ПАО «МРСК Центра и Приволжья»;Нижновэнерго/Арзамасские ЭС
ПС;;110/35/10;Пижма;12.6;1963;ПАО «МРСК Центра и Приволжья»;Нижновэнерго/Уренские ЭС
ПС;;110/35/10;Пильна-110;26;1985;ПАО «МРСК Центра и Приволжья»;Нижновэнерго/Сергачские ЭС
ПС;;110/35/10;Работки;20;1956;ПАО «МРСК Центра и Приволжья»;Нижновэнерго/Кстовские ЭС
ПС;;110/35/10;Разино;12.6;1990;ПАО «МРСК Центра и Приволжья»;Нижновэнерго/Арзамасские ЭС
ПС;;110/35/10;Салганы;20;1969;ПАО «МРСК Центра и Приволжья»;Нижновэнерго/Сергачские ЭС
ПС;;110/35/10;Сапфир;20;1994;ПАО «МРСК Центра и Приволжья»;Нижновэнерго/Южные ЭС
ПС;;110/35/10;Сейма ПТФ;50;1989;ПАО «МРСК Центра и Приволжья»;Нижновэнерго/Дзержинские ЭС
ПС;;110/35/10;Сеченово-110;20;1983;ПАО «МРСК Центра и Приволжья»;Нижновэнерго/Сергачские ЭС
ПС;;110/35/10;Ситники;50;1988;ПАО «МРСК Центра и Приволжья»;Нижновэнерго/Семёновские ЭС
ПС;;110/35/10;Смолино;20;;ПАО «МРСК Центра и Приволжья»;Нижновэнерго/Дзержинские ЭС
ПС;;110/35/10;Сокольская;20;1973;ПАО «МРСК Центра и Приволжья»;Нижновэнерго/Балахнинские ЭС
ПС;;110/35/10;Спасское;20;1975;ПАО «МРСК Центра и Приволжья»;Нижновэнерго/Сергачские ЭС
ПС;;110/35/10;Сухобезводное;20;1964;ПАО «МРСК Центра и Приволжья»;Нижновэнерго/Семёновские ЭС
ПС;;110/35/10;Тонкино;26;1962;ПАО «МРСК Центра и Приволжья»;Нижновэнерго/Уренские ЭС
ПС;;110/35/10;Урень;26.3;1972;ПАО «МРСК Центра и Приволжья»;Нижновэнерго/Уренские ЭС
ПС;;110/35/10;Шатки;36;1966;ПАО «МРСК Центра и Приволжья»;Нижновэнерго/Арзамасские ЭС
ПС;;110/35/6;Берёза (ПЗРА);20;;АО «НПО „Правдинский радиозавод“»;
ПС;;110/35/6;Бурцевская;50;1978;ПАО «МРСК Центра и Приволжья»;Нижновэнерго/Балахнинские ЭС
ПС;;110/35/6;Вача;26;1931;ПАО «МРСК Центра и Приволжья»;Нижновэнерго/Южные ЭС
ПС;;110/35/6;Воротынец;50;1959;ПАО «МРСК Центра и Приволжья»;Нижновэнерго/Кстовские ЭС
ПС;;110/35/6;Гремячево;41;;ПАО «МРСК Центра и Приволжья»;Нижновэнерго/Южные ЭС
ПС;;110/35/6;Дзержинская;63;1927;ПАО «МРСК Центра и Приволжья»;Нижновэнерго/Дзержинские ЭС
ПС;;110/35/6;Желнино;20;;ОАО «Сетка»;
ПС;;110/35/6;Змейка;32;1977;ПАО «МРСК Центра и Приволжья»;Нижновэнерго/Южные ЭС
ПС;;110/35/6;Кожевенная;41;1971;ПАО «МРСК Центра и Приволжья»;Нижновэнерго/Кстовские ЭС
ПС;;110/35/6;Кстовская;30;;ООО «Зефс-Энерго»;
ПС;;110/35/6;Кулебаки;50;1930;ПАО «МРСК Центра и Приволжья»;Нижновэнерго/Южные ЭС
ПС;;110/35/6;Левобережная;56;1950;ПАО «МРСК Центра и Приволжья»;Нижновэнерго/Балахнинские ЭС
ПС;;110/35/6;Моховые горы;71.5;1933;ПАО «МРСК Центра и Приволжья»;Нижновэнерго/Семёновские ЭС
ПС;;110/35/6;Павлово;45;1925;ПАО «МРСК Центра и Приволжья»;Нижновэнерго/Кстовские ЭС
ПС;;110/35/6;Первомайск;35;1958;ПАО «МРСК Центра и Приволжья»;Нижновэнерго/Арзамасские ЭС
ПС;;110/35/6;Рубин;50;;ООО «Энергосистемы»;
ПС;;110/35/6;Сосновская;32;1941;ПАО «МРСК Центра и Приволжья»;Нижновэнерго/Южные ЭС
ПС;;110/35/6;Турбенево;10;1958;ПАО «МРСК Центра и Приволжья»;Нижновэнерго/Южные ЭС
ПС;;110/35/6;Чистовская;20;1936;ПАО «МРСК Центра и Приволжья»;Нижновэнерго/Балахнинские ЭС
ПС;;110/10/6;Городская;66;1978;ПАО «МРСК Центра и Приволжья»;Нижновэнерго/Дзержинские ЭС
ПС;;110/10/6;Западная;143;1954;ПАО «МРСК Центра и Приволжья»;Нижновэнерго/Дзержинские ЭС
ПС;;110/10/6;Ковалиха;72;1969;ПАО «МРСК Центра и Приволжья»;Нижновэнерго/Центральные ЭС
ПС;;110/10/6;Лысково;45;1974;ПАО «МРСК Центра и Приволжья»;Нижновэнерго/Кстовские ЭС
ПС;;110/10/6;Мадаево;12.6;1997;ПАО «МРСК Центра и Приволжья»;Нижновэнерго/Арзамасские ЭС
ПС;;110/10/6;Мещерская;50;1985;ПАО «МРСК Центра и Приволжья»;Нижновэнерго/Центральные ЭС
ПС;;110/10/6;НИИТОП;50;1995;ПАО «МРСК Центра и Приволжья»;Нижновэнерго/Центральные ЭС
ПС;;110/10/6;Печёрская;50;1966;ПАО «МРСК Центра и Приволжья»;Нижновэнерго/Центральные ЭС
ПС;;110/10/6;Свердловская;158;1936;ПАО «МРСК Центра и Приволжья»;Нижновэнерго/Центральные ЭС
ПС;;110/10/6;Степаньково;50;1983;ПАО «МРСК Центра и Приволжья»;Нижновэнерго/Кстовские ЭС
ПС;;110/10/6;Фреза;40;;ООО «Зефс-Энерго»;
ПС;;110/10;АМЗ;65;;ПАО «Арзамасский машиностроительный завод»;
ПС;;110/10;Андреевская;8.8;1976;ПАО «МРСК Центра и Приволжья»;Нижновэнерго/Сергачские ЭС
ПС;;110/10;Афонинская;32;;ООО «Волгоэлектросеть»;
ПС;;110/10;Ачка;20;1993;ПАО «МРСК Центра и Приволжья»;Нижновэнерго/Сергачские ЭС
ПС;;110/10;Безводное;20;1988;ПАО «МРСК Центра и Приволжья»;Нижновэнерго/Кстовские ЭС
ПС;;110/10;Берёзовская;32;1978;ПАО «МРСК Центра и Приволжья»;Нижновэнерго/Арзамасские ЭС
ПС;;110/10;Боковая;6.3;1968;ПАО «МРСК Центра и Приволжья»;Нижновэнерго/Семёновские ЭС
ПС;;110/10;Буревестник;26;1995;ПАО «МРСК Центра и Приволжья»;Нижновэнерго/Кстовские ЭС
ПС;;110/10;Варганы;12.6;1969;ПАО «МРСК Центра и Приволжья»;Нижновэнерго/Кстовские ЭС
ПС;;110/10;Вахтан;16.3;1965;ПАО «МРСК Центра и Приволжья»;Нижновэнерго/Уренские ЭС
ПС;;110/10;Власть Советов;12.6;1985;ПАО «МРСК Центра и Приволжья»;Нижновэнерго/Арзамасские ЭС
ПС;;110/10;Возрождение;12.6;1993;ПАО «МРСК Центра и Приволжья»;Нижновэнерго/Сергачские ЭС
ПС;;110/10;ГАСТ-2;50;;АО «Верхне-Волжская энергетическая компания»;
ПС;;110/10;Доскино;26;1983;ПАО «МРСК Центра и Приволжья»;Нижновэнерго/Дзержинские ЭС
ПС;;110/10;Заводская;32;;АО «Арзамасский приборостроительный завод им. П.И. Пландина»;
ПС;;110/10;ЗКПД;32;;ЗАО «ЗКПД-4 Инвест»;
ПС;;110/10;Зубилиха;5;1979;ПАО «МРСК Центра и Приволжья»;Нижновэнерго/Семёновские ЭС
ПС;;110/10;Ильинская;16.3;;ПАО «МРСК Центра и Приволжья»;Нижновэнерго/Балахнинские ЭС
ПС;;110/10;Карпуниха;5.6;1969;ПАО «МРСК Центра и Приволжья»;Нижновэнерго/Уренские ЭС
ПС;;110/10;Кварц;20;1981;ПАО «МРСК Центра и Приволжья»;Нижновэнерго/Семёновские ЭС
ПС;;110/10;Красные Баки;20;1966;ПАО «МРСК Центра и Приволжья»;Нижновэнерго/Семёновские ЭС
ПС;;110/10;КС-6;20;1963;ПАО «МРСК Центра и Приволжья»;Нижновэнерго/Арзамасские ЭС
ПС;;110/10;Кузнечиха;80;1984;ПАО «МРСК Центра и Приволжья»;Нижновэнерго/Центральные ЭС
ПС;;110/10;Медяны;5;1992;ПАО «МРСК Центра и Приволжья»;Нижновэнерго/Сергачские ЭС
ПС;;110/10;Мешиха;50;1980;ПАО «МРСК Центра и Приволжья»;Нижновэнерго/Кстовские ЭС
ПС;;110/10;Минино;5;1990;ПАО «МРСК Центра и Приволжья»;Нижновэнерго/Уренские ЭС
ПС;;110/10;Новосёлки;26;1982;ПАО «МРСК Центра и Приволжья»;Нижновэнерго/Арзамасские ЭС
ПС;;110/10;Новосельская;5;1995;ПАО «МРСК Центра и Приволжья»;Нижновэнерго/Южные ЭС
ПС;;110/10;Окский берег;50;2017;ПАО «МРСК Центра и Приволжья»;Нижновэнерго/Центральные ЭС
ПС;;110/10;Подлесово;5;1975;ПАО «МРСК Центра и Приволжья»;Нижновэнерго/Кстовские ЭС
ПС;;110/10;Покров Майдан;5;1988;ПАО «МРСК Центра и Приволжья»;Нижновэнерго/Кстовские ЭС
ПС;;110/10;Полюс;12.6;1981;ПАО «МРСК Центра и Приволжья»;Нижновэнерго/Сергачские ЭС
ПС;;110/10;Просек;5.6;1969;ПАО «МРСК Центра и Приволжья»;Нижновэнерго/Кстовские ЭС
ПС;;110/10;Пыра;20;;ОАО «Дзержинский водоканал»;
ПС;;110/10;Роженцово;6.3;1986;ПАО «МРСК Центра и Приволжья»;Нижновэнерго/Уренские ЭС
ПС;;110/10;Старт;80;;ООО «Волгоэлектросеть»;
ПС;;110/10;Стрелка;80;2014;ПАО «МРСК Центра и Приволжья»;Нижновэнерго/Центральные ЭС
ПС;;110/10;Строительная;6.3;1986;ПАО «МРСК Центра и Приволжья»;Нижновэнерго/Сергачские ЭС
ПС;;110/10;Сява;12.6;1966;ПАО «МРСК Центра и Приволжья»;Нижновэнерго/Уренские ЭС
ПС;;110/10;Теплоход;32;;ООО «Зефс-Энерго»;
ПС;;110/10;Хмелевицы;5.6;1974;ПАО «МРСК Центра и Приволжья»;Нижновэнерго/Уренские ЭС
ПС;;110/10;Чайка;160;;ООО «Заводские сети»;
ПС;;110/10;Чернораменская;32;1980;ПАО «МРСК Центра и Приволжья»;Нижновэнерго/Балахнинские ЭС
ПС;;110/10;Шалдеж;8.8;1986;ПАО «МРСК Центра и Приволжья»;Нижновэнерго/Семёновские ЭС
ПС;;110/10;Шаранга;26;1981;ПАО «МРСК Центра и Приволжья»;Нижновэнерго/Уренские ЭС
ПС;;110/10;Шеманиха;2.5;1969;ПАО «МРСК Центра и Приволжья»;Нижновэнерго/Семёновские ЭС
ПС;;110/6;Автотрек;12.6;;ООО «Зефс-Энерго»;
ПС;;110/6;Алёшинская;16.3;1966;ПАО «МРСК Центра и Приволжья»;Нижновэнерго/Балахнинские ЭС
ПС;;110/6;Арматурная;20;;ОАО «Семёновский арматурный завод»;
ПС;;110/6;Артёмовская;20;1975;ПАО «МРСК Центра и Приволжья»;Нижновэнерго/Центральные ЭС
ПС;;110/6;Балахониха;20;;АО «Транснефть - Верхняя Волга»;Горьковское районное нефтепроводное управление
ПС;;110/6;Беркут;41;;АО «РСК „МиГ“»;Нижегородский авиастроительный завод «Сокол»
ПС;;110/6;Богородская;30;1927;ПАО «МРСК Центра и Приволжья»;Нижновэнерго/Кстовские ЭС
ПС;;110/6;БЦКК;32;;ОАО «Полиграфкартон»;
ПС;;110/6;Варя;32;1964;ПАО «МРСК Центра и Приволжья»;Нижновэнерго/Центральные ЭС
ПС;;110/6;Водозабор;31;1965;ПАО «МРСК Центра и Приволжья»;Нижновэнерго/Центральные ЭС
ПС;;110/6;Волна;40;;АО «ОКБМ Африкантов»;
ПС;;110/6;Ворсма;32;1929;ПАО «МРСК Центра и Приволжья»;Нижновэнерго/Кстовские ЭС
ПС;;110/6;Выкса;63;1932;ПАО «МРСК Центра и Приволжья»;Нижновэнерго/Южные ЭС
ПС;;110/6;ГАСТ;32;;АО «Верхне-Волжская энергетическая компания»;
ПС;;110/6;ГМЗ-1;30;;ОАО «Горьковский металлургический завод»;
ПС;;110/6;ГМЗ-2;80;;ОАО «Горьковский металлургический завод»;
ПС;;110/6;Городецкая;50;1965;ПАО «МРСК Центра и Приволжья»;Нижновэнерго/Балахнинские ЭС
ПС;;110/6;Гранит;80;;АО «Нижегородский завод 70-летия Победы»;
ПС;;110/6;Двигатель;40;;ОАО «РУМО»;
ПС;;110/6;Досчатое;16.3;1969;ПАО «МРСК Центра и Приволжья»;Нижновэнерго/Южные ЭС
ПС;;110/6;ДРО;32;;ПАО «Завод корпусов»;
ПС;;110/6;Дубравная;50;;ПАО «Завод „Красное Сормово“»;
ПС;;110/6;Заводская;50;;ООО «Волгоэлектросеть»;
ПС;;110/6;Заволжская;5.6;1954;ПАО «МРСК Центра и Приволжья»;Нижновэнерго/Балахнинские ЭС
ПС;;110/6;ЗГТ;50;;ЗАО «Заволжский завод гусеничных тягачей»;
ПС;;110/6;Импульс;20;;ФГУП «ФНПЦ НИИИС им. Ю.И. Седакова»;
ПС;;110/6;Канавинская;71.5;1968;ПАО «МРСК Центра и Приволжья»;Нижновэнерго/Центральные ЭС
ПС;;110/6;Кировская;63;1953;ПАО «МРСК Центра и Приволжья»;Нижновэнерго/Центральные ЭС
ПС;;110/6;КМЗ;50;;ПАО «Русполимет»;
ПС;;110/6;Корунд;80;;ООО «Корунд»;
ПС;;110/6;Красная Этна;72;;ПАО «Завод „Красная Этна“»;
ПС;;110/6;Кристалл;32;;ГК «Нижегородский масложировой комбинат»;
ПС;;110/6;Левинка;31;1964;ПАО «МРСК Центра и Приволжья»;Нижновэнерго/Центральные ЭС
ПС;;110/6;Ленинская;41;;ПАО «МРСК Центра и Приволжья»;Нижновэнерго/Центральные ЭС
ПС;;110/6;Литвиново;32;;ОАО «Металлист»;
ПС;;110/6;Металлист;31;;ЗАО «Транссетьком-Волга»;
ПС;;110/10;Могильцы;5;;ОАО «РЖД»;ЭЧ-2 Горький
ПС;;110/6;Молитовская;72;1925;ПАО «МРСК Центра и Приволжья»;Нижновэнерго/Центральные ЭС
ПС;;110/6;Мыза;80;1953;ПАО «МРСК Центра и Приволжья»;Нижновэнерго/Центральные ЭС
ПС;;110/6;Навашино;30;1937;ПАО «МРСК Центра и Приволжья»;Нижновэнерго/Южные ЭС
ПС;;110/6;Накат;220.5;;АО «Волга»;
ПС;;110/6;Новая;31;;ЗАО «Управляющая компания „РТС-РОС“»;
ПС;;110/6;Новосормовская;50;1933;ПАО «МРСК Центра и Приволжья»;Нижновэнерго/Центральные ЭС
ПС;;110/6;Ольгино;32;1999;ПАО «МРСК Центра и Приволжья»;Нижновэнерго/Центральные ЭС
ПС;;110/6;ПАЗ;20;;ПАО «Павловский автобус»;
ПС;;110/6;Пестовская;26;1963;ПАО «МРСК Центра и Приволжья»;Нижновэнерго/Балахнинские ЭС
ПС;;110/6;Прибой;30;;АО «Нижегородский завод 70-летия Победы»;
ПС;;110/6;Приокская;63;1958;ПАО «МРСК Центра и Приволжья»;Нижновэнерго/Центральные ЭС
ПС;;110/6;Пропилен;64;;ООО «СИБУР-Кстово»;
ПС;;110/6;Редуктор;81;;ООО «Заводские сети»;
ПС;;110/6;РОС;80;;ОАО «Дзержинский водоканал»;
ПС;;110/6;Сатис;5.6;1952;ПАО «МРСК Центра и Приволжья»;Нижновэнерго/Арзамасские ЭС
ПС;;110/6;Светлоярская;80;1964;ПАО «МРСК Центра и Приволжья»;Нижновэнерго/Центральные ЭС
ПС;;110/6;Сокол;41;;АО «РСК „МиГ“»;Нижегородский авиастроительный завод «Сокол»
ПС;;110/6;Соцгород;71.5;1963;ПАО «МРСК Центра и Приволжья»;Нижновэнерго/Центральные ЭС
ПС;;110/6;Спутник;57;1988;ПАО «МРСК Центра и Приволжья»;Нижновэнерго/Центральные ЭС
ПС;;110/6;Староликеево;32;;АО «Транснефть - Верхняя Волга»;Горьковское районное нефтепроводное управление
ПС;;110/6;Старосормовская;63.5;1928;ПАО «МРСК Центра и Приволжья»;Нижновэнерго/Центральные ЭС
ПС;;110/6;Стеклозаводская;80;;ОАО «AGC Борский стекольный завод»;
ПС;;110/6;Таремская;12.6;1978;ПАО «МРСК Центра и Приволжья»;Нижновэнерго/Кстовские ЭС
ПС;;110/6;Теплообменник;72;;ЗАО «Энерго Групп»;
ПС;;110/6;Тимирязевская;32;;ОАО «Синтез»;
ПС;;110/6;Толоконцево;15;1961;ПАО «МРСК Центра и Приволжья»;Нижновэнерго/Семёновские ЭС
ПС;;110/6;Тумботино;20;1966;ПАО «МРСК Центра и Приволжья»;Нижновэнерго/Кстовские ЭС
ПС;;110/6;Федяково;50;1965;ПАО «МРСК Центра и Приволжья»;Нижновэнерго/Кстовские ЭС
ПС;;110/6;Химмаш;32;;ОАО «Дзержинскхиммаш»;
ПС;;110/6;ЦБК-1;176;;АО «Волга»;
ПС;;110/6;Чермет;31;;ООО «Зефс-Энерго»;
ПС;;110/6;Щербинки;30;;АО «НПП „Салют“»;
ПС;;110/6;Янтарь;32;;ЗАО «Транссетьком-Волга»;
ПС;;110/6;Ясенецкая;20;1976;ПАО «МРСК Центра и Приволжья»;Нижновэнерго/Кстовские ЭС
ПС;;110/27.5/6;Малаховская;41.5;1961;ПАО «МРСК Центра и Приволжья»;Нижновэнерго/Балахнинские ЭС
ЭЧЭ;7;110/35/27.5;Сейма-Тяговая;80;;ОАО «РЖД»;ЭЧ-2 Горький
ЭЧЭ;8;110/27.5/6;Сортировочная;105;;ОАО «РЖД»;ЭЧ-2 Горький
ЭЧЭ;9;110/27.5/6;Высоково;63;;ОАО «РЖД»;ЭЧ-2 Горький
ЭЧЭ;10;110/27.5/10;Тарасиха;80;;ОАО «РЖД»;ЭЧ-2 Горький
ЭЧЭ;11;110/35/27.5;Керженец-Тяговая;80;;ОАО «РЖД»;ЭЧ-2 Горький
ЭЧЭ;12;110/35/27.5;Быструха;80;;ОАО «РЖД»;ЭЧ-2 Горький
ЭЧЭ;13;110/27.5/10;Арья-Тяговая;80;;ОАО «РЖД»;ЭЧ-2 Горький
ЭЧЭ;14;110/27.5/10;Шахунья-Тяговая;80;;ОАО «РЖД»;ЭЧ-2 Горький
ЭЧЭ;15;110/27.5/10;Буреполом;80;;ОАО «РЖД»;ЭЧ-2 Горький
ЭЧЭ;51;110/27.5/10;Сергач-Тяговая;141;;ОАО «РЖД»;ЭЧ-12 Арзамас
ЭЧЭ;52;110/27.5;Бобыльская-Тяговая;125;;ОАО «РЖД»;ЭЧ-12 Арзамас
ЭЧЭ;53;110/27.5/10;Мухтолово-Тяговая;141;;ОАО «РЖД»;ЭЧ-5 Муром
ЭЧЭ;58;110/27.5/10;Ройка;40;;ОАО «РЖД»;ЭЧ-2 Горький
ЭЧЭ;59;110/27.5/10;Суроватиха;90;;ОАО «РЖД»;ЭЧ-2 Горький
ГПП;40;110/35/6;;;;АО «Саровская электросетевая компания»;
ГПП;;110/6;Заречная;;;АО «Саровская электросетевая компания»;
ГПП;;110/6;Лесная;;;АО «Саровская электросетевая компания»;
ГПП;1;110/6;Металлургическая;50;;АО «Выксунский металлургический завод»;
ГПП;2;110/6;Прокатная;50;;АО «Выксунский металлургический завод»;
ГПП;3;110/6;Трубная;50;;АО «Выксунский металлургический завод»;
ГПП;4;110/6;Многослойная;80;;АО «Выксунский металлургический завод»;
ГПП;5;110/6;ВМЗ;40;;АО «Выксунский металлургический завод»;
ГПП;6;110;ВМЗ;;2008;АО «Выксунский металлургический завод»;
ГПП;7;110;ВМЗ;;;АО «Выксунский металлургический завод»;
ГПП;1;110/10;ЛПК ОМК;320;;АО «Выксунский металлургический завод»;
ГПП;2;110/10;ЛПК ОМК;160;;АО «Выксунский металлургический завод»;
ГПП;3;35/6;;80;;ООО «Лукойл-Энергосети»;
ГПП;4;110/6;;126;2015;ООО «Лукойл-Энергосети»;
ЦРП;1;35;;;;ООО «Лукойл-Энергосети»;
ЦРП;2;35;;;;ООО «Лукойл-Энергосети»;
ЦРП;3;35/6;;20;;ООО «Лукойл-Энергосети»;
ЦРП;4;35/6;;20;;ООО «Лукойл-Энергосети»;
ЦРП;5;35/6;;20;;ООО «Лукойл-Энергосети»;
ЦРП;6;35/6;;50;;ООО «Лукойл-Энергосети»;
ЦРП;7;35/6;;80;2015;ООО «Лукойл-Энергосети»;
ГПП;101;110/35/6;Южная;80;;ОАО «СИБУР-Нефтехим»;
ГПП;102;110/35/6;Полимер;71.5;;ОАО «СИБУР-Нефтехим»;
ГПП;103;110/35/6;Северная;80;;ОАО «СИБУР-Нефтехим»;
ГПП;104;110/10;Восточная;160;;ОАО «СИБУР-Нефтехим»;
ГПП;1;110/6;Оргстекло;30;;ОАО «Дзержинское оргстекло»;
ГПП;2;110/6;Ворошиловская;50;;ОАО «Дзержинское оргстекло»;
ГПП;1;110/6;Заря;64;;ООО «Зефс-Энерго»;
ГПП;2;110/10/6;Заря;50;;ООО «Зефс-Энерго»;
ГПП;1;110/10;Пластик;30;;АО «ДПО „Пластик“»;
ГПП;2;110/10;Пластик;20;;АО «ДПО „Пластик“»;
ГПП;1;110/6;Синтез;80;;ФКП «Завод имени Я.М. Свердлова»;
ГПП;2;110/6;Синтез;50;;ФКП «Завод имени Я.М. Свердлова»;
ГПП;1;110/10;ЗМЗ;72;;ПАО «Заволжский моторный завод»;
ГПП;2;110/10;ЗМЗ;80;;ПАО «Заволжский моторный завод»;
ПС;15;35/10/6;;3.8;;;
ПС;;35/10/6;Береговая;5.8;1957;ПАО «МРСК Центра и Приволжья»;Нижновэнерго/Кстовские ЭС
ПС;;35/10/6;Рождествено;3.4;1987;ПАО «МРСК Центра и Приволжья»;Нижновэнерго/Кстовские ЭС
ПС;;35/10;Арья;6.3;1980;ПАО «МРСК Центра и Приволжья»;Нижновэнерго/Уренские ЭС
ПС;;35/10;Бараново;8;1961;ПАО «МРСК Центра и Приволжья»;Нижновэнерго/Южные ЭС
ПС;;35/10;Беловка;4.3;1967;ПАО «МРСК Центра и Приволжья»;Нижновэнерго/Сергачские ЭС
ПС;;35/10;Белышево;1.6;1982;ПАО «МРСК Центра и Приволжья»;Нижновэнерго/Уренские ЭС
ПС;;35/10;Большое Болдино;8;1982;ПАО «МРСК Центра и Приволжья»;Нижновэнерго/Арзамасские ЭС
ПС;;35/10;Большое Мурашкино;17.5;1968;ПАО «МРСК Центра и Приволжья»;Нижновэнерго/Кстовские ЭС
ПС;;35/10;Борремфлот;;;ООО «Волгоэлектросеть»;
ПС;;35/10;Валки;5;1966;ПАО «МРСК Центра и Приволжья»;Нижновэнерго/Семёновские ЭС
ПС;;35/10;Васильсурск;1.8;1963;ПАО «МРСК Центра и Приволжья»;Нижновэнерго/Кстовские ЭС
ПС;;35/10;Ветчак;6.5;1956;ПАО «МРСК Центра и Приволжья»;Нижновэнерго/Кстовские ЭС
ПС;;35/10;Вилеж;1.6;1984;ПАО «МРСК Центра и Приволжья»;Нижновэнерго/Балахнинские ЭС
ПС;;35/10;Виля;4;2016;ПАО «МРСК Центра и Приволжья»;Нижновэнерго/Южные ЭС
ПС;;35/10;ВКХП;20;;ООО «Мукомольный комбинат „Володарский“»;
ПС;;35/10;Водоватово;10.3;1981;ПАО «МРСК Центра и Приволжья»;Нижновэнерго/Арзамасские ЭС
ПС;;35/10;Воздвиженская;8;1985;ПАО «МРСК Центра и Приволжья»;Нижновэнерго/Семёновские ЭС
ПС;;35/10;Глухово;4.1;1980;ПАО «МРСК Центра и Приволжья»;Нижновэнерго/Южные ЭС
ПС;;35/10;Григорово;5;1991;ПАО «МРСК Центра и Приволжья»;Нижновэнерго/Кстовские ЭС
ПС;;35/10;Демидовская;5;1985;ПАО «МРСК Центра и Приволжья»;Нижновэнерго/Семёновские ЭС
ПС;;35/10;Елизарьево;8;1959;ПАО «МРСК Центра и Приволжья»;Нижновэнерго/Южные ЭС
ПС;;35/10;Запрудное;4.3;1983;ПАО «МРСК Центра и Приволжья»;Нижновэнерго/Кстовские ЭС
ПС;;35/10;Ивановская;2.5;1981;ПАО «МРСК Центра и Приволжья»;Нижновэнерго/Семёновские ЭС
ПС;;35/10;Игумново;8;1998;ПАО «МРСК Центра и Приволжья»;Нижновэнерго/Кстовские ЭС
ПС;;35/10;Ильино;12.6;1972;ПАО «МРСК Центра и Приволжья»;Нижновэнерго/Дзержинские ЭС
ПС;;35/10;Ильино-Заборская;4;1971;ПАО «МРСК Центра и Приволжья»;Нижновэнерго/Семёновские ЭС
ПС;;35/10;Ичалки;5;1986;ПАО «МРСК Центра и Приволжья»;Нижновэнерго/Арзамасские ЭС
ПС;;35/10;Каликино;12.6;1989;ПАО «МРСК Центра и Приволжья»;Нижновэнерго/Семёновские ЭС
ПС;;35/10;Калинино;9.6;1965;ПАО «МРСК Центра и Приволжья»;Нижновэнерго/Уренские ЭС
ПС;;35/10;Каменищи;2.5;1982;ПАО «МРСК Центра и Приволжья»;Нижновэнерго/Сергачские ЭС
ПС;;35/10;Каменка;5.8;1954;ПАО «МРСК Центра и Приволжья»;Нижновэнерго/Семёновские ЭС
ПС;;35/10/6;Карьер;13.5;1950;ПАО «МРСК Центра и Приволжья»;Нижновэнерго/Арзамасские ЭС
ПС;;35/10;Катунская;2.5;1974;ПАО «МРСК Центра и Приволжья»;Нижновэнерго/Балахнинские ЭС
ПС;;35/10;Керженец;2.5;1993;ПАО «МРСК Центра и Приволжья»;Нижновэнерго/Семёновские ЭС
ПС;;35/10;Козлово;5;1986;ПАО «МРСК Центра и Приволжья»;Нижновэнерго/Балахнинские ЭС
ПС;;35/10;Константиново-5;12.6;1956;ПАО «МРСК Центра и Приволжья»;Нижновэнерго/Кстовские ЭС
ПС;;35/10;Кузьмияр;1.8;;ПАО «МРСК Центра и Приволжья»;Нижновэнерго/Семёновские ЭС
ПС;;35/10;Куликово;7.2;1988;ПАО «МРСК Центра и Приволжья»;Нижновэнерго/Кстовские ЭС
ПС;;35/10;Лагерная-1;;;АО «Оборонэнерго»;
ПС;;35/10;Лагерная-2;;;АО «Оборонэнерго»;
ПС;;35/10;Лагерная-3;;;АО «Оборонэнерго»;
ПС;;35/10;Лапшанга;3.5;1969;ПАО «МРСК Центра и Приволжья»;Нижновэнерго/Семёновские ЭС
ПС;;35/10;Лесной курорт;1.6;1974;ПАО «МРСК Центра и Приволжья»;Нижновэнерго/Семёновские ЭС
ПС;;35/10;Лесуново;2.5;1961;ПАО «МРСК Центра и Приволжья»;Нижновэнерго/Южные ЭС
ПС;;35/10;Лопатино;2.5;1977;ПАО «МРСК Центра и Приволжья»;Нижновэнерго/Сергачские ЭС
ПС;;35/10;Марково;1.6;1982;ПАО «МРСК Центра и Приволжья»;Нижновэнерго/Семёновские ЭС
ПС;;35/10;Мухтолово;7.2;1961;ПАО «МРСК Центра и Приволжья»;Нижновэнерго/Южные ЭС
ПС;;35/10;Наруксово;6.5;1972;ПАО «МРСК Центра и Приволжья»;Нижновэнерго/Арзамасские ЭС
ПС;;35/10;Нарышкино;4.1;1981;ПАО «МРСК Центра и Приволжья»;Нижновэнерго/Южные ЭС
ПС;;35/10;НИРФИ;8;1978;ПАО «МРСК Центра и Приволжья»;Нижновэнерго/Кстовские ЭС
ПС;;35/10;Новая;1.6;1980;ПАО «МРСК Центра и Приволжья»;Нижновэнерго/Южные ЭС
ПС;;35/10;Новая Слобода;2.5;1960;ПАО «МРСК Центра и Приволжья»;Нижновэнерго/Арзамасские ЭС
ПС;;35/10;Новоарзамасская;4;;ООО «Газпром энерго»;
ПС;;35/10;Новодмитриевка;4.1;1957;ПАО «МРСК Центра и Приволжья»;Нижновэнерго/Южные ЭС
ПС;;35/10;Новый Усад;5;1971;ПАО «МРСК Центра и Приволжья»;Нижновэнерго/Арзамасские ЭС
ПС;;35/10;Носовая;1.6;1983;ПАО «МРСК Центра и Приволжья»;Нижновэнерго/Семёновские ЭС
ПС;;35/10;Оранки;4.1;1988;ПАО «МРСК Центра и Приволжья»;Нижновэнерго/Кстовские ЭС
ПС;;35/10;Ошминская;1.6;1975;ПАО «МРСК Центра и Приволжья»;Нижновэнерго/Уренские ЭС
ПС;;35/10;Пакали;3.4;1962;ПАО «МРСК Центра и Приволжья»;Нижновэнерго/Уренские ЭС
ПС;;35/10;Пеля-Ховань;6.5;1977;ПАО «МРСК Центра и Приволжья»;Нижновэнерго/Арзамасские ЭС
ПС;;35/10;Перелаз;2.5;1979;ПАО «МРСК Центра и Приволжья»;Нижновэнерго/Семёновские ЭС
ПС;;35/10;Петряксы;13.8;1964;ПАО «МРСК Центра и Приволжья»;Нижновэнерго/Сергачские ЭС
ПС;;35/10;Петушиха;3.2;1991;ПАО «МРСК Центра и Приволжья»;Нижновэнерго/Семёновские ЭС
ПС;;35/10;Плюхино;5;1990;ПАО «МРСК Центра и Приволжья»;Нижновэнерго/Семёновские ЭС
ПС;;35/10;Помра;5.7;1993;ПАО «МРСК Центра и Приволжья»;Нижновэнерго/Кстовские ЭС
ПС;;35/10;Прокошево;5;1974;ПАО «МРСК Центра и Приволжья»;Нижновэнерго/Кстовские ЭС
ПС;;35/10;Пуреховская;8;1967;ПАО «МРСК Центра и Приволжья»;Нижновэнерго/Балахнинские ЭС
ПС;;35/10;Пустынь;3.2;1961;ПАО «МРСК Центра и Приволжья»;Нижновэнерго/Арзамасские ЭС
ПС;;35/10;Ратово;1.6;;ПАО «МРСК Центра и Приволжья»;Нижновэнерго/Сергачские ЭС
ПС;;35/10;Сельхозтехника;8;1975;ПАО «МРСК Центра и Приволжья»;Нижновэнерго/Кстовские ЭС
ПС;;35/10;Сицкая;11.9;1940;ПАО «МРСК Центра и Приволжья»;Нижновэнерго/Балахнинские ЭС
ПС;;35/10;Смирново;11.5;1960;ПАО «МРСК Центра и Приволжья»;Нижновэнерго/Арзамасские ЭС
ПС;;35/10;Сноведь;1.6;1980;ПАО «МРСК Центра и Приволжья»;Нижновэнерго/Южные ЭС
ПС;;35/10;Стёксово;4;1977;ПАО «МРСК Центра и Приволжья»;Нижновэнерго/Южные ЭС
ПС;;35/10;Стрелица;3.2;1964;ПАО «МРСК Центра и Приволжья»;Нижновэнерго/Уренские ЭС
ПС;;35/10;Сурадеево;2.5;1975;ПАО «МРСК Центра и Приволжья»;Нижновэнерго/Сергачские ЭС
ПС;;35/10;Сухоноска;8;1985;ПАО «МРСК Центра и Приволжья»;Нижновэнерго/Балахнинские ЭС
ПС;;35/10;Сысуево;1.8;1996;ПАО «МРСК Центра и Приволжья»;Нижновэнерго/Семёновские ЭС
ПС;;35/10;Талызино;5;1984;ПАО «МРСК Центра и Приволжья»;Нижновэнерго/Сергачские ЭС
ПС;;35/10;Тарасовская;8.8;1969;ПАО «МРСК Центра и Приволжья»;Нижновэнерго/Балахнинские ЭС
ПС;;35/10;Теша;8;1962;ПАО «МРСК Центра и Приволжья»;Нижновэнерго/Южные ЭС
ПС;;35/10;Тоншаево;7.6;1962;ПАО «МРСК Центра и Приволжья»;Нижновэнерго/Уренские ЭС
ПС;;35/10;Ужовка;8;1973;ПАО «МРСК Центра и Приволжья»;Нижновэнерго/Арзамасские ЭС
ПС;;35/10;Ужовка-2;8;2011;ПАО «МРСК Центра и Приволжья»;Нижновэнерго/Арзамасские ЭС
ПС;;35/10;Узола;5;1986;ПАО «МРСК Центра и Приволжья»;Нижновэнерго/Балахнинские ЭС
ПС;;35/10;Уста;5.6;1986;ПАО «МРСК Центра и Приволжья»;Нижновэнерго/Уренские ЭС
ПС;;35/10;Ушаково;2.5;1982;ПАО «МРСК Центра и Приволжья»;Нижновэнерго/Сергачские ЭС
ПС;;35/10;Хахалы;4;1977;ПАО «МРСК Центра и Приволжья»;Нижновэнерго/Семёновские ЭС
ПС;;35/10;Хвощёвка;8.1;1987;ПАО «МРСК Центра и Приволжья»;Нижновэнерго/Кстовские ЭС
ПС;;35/10;Чёрная;1.6;1980;ПАО «МРСК Центра и Приволжья»;Нижновэнерго/Уренские ЭС
ПС;;35/10;Чернуха;8;1960;ПАО «МРСК Центра и Приволжья»;Нижновэнерго/Арзамасские ЭС
ПС;;35/10;Чернуха;5;;ПАО «МРСК Центра и Приволжья»;Нижновэнерго/Кстовские ЭС
ПС;;35/10;Чернышиха;5;1979;ПАО «МРСК Центра и Приволжья»;Нижновэнерго/Кстовские ЭС
ПС;;35/10;Чистое поле;5;1979;ПАО «МРСК Центра и Приволжья»;Нижновэнерго/Семёновские ЭС
ПС;;35/10;Чкаловская;20;;ПАО «МРСК Центра и Приволжья»;Нижновэнерго/Балахнинские ЭС
ПС;;35/10;Шайгино;1.6;1983;ПАО «МРСК Центра и Приволжья»;Нижновэнерго/Уренские ЭС
ПС;;35/10;Шарапово;5;1976;ПАО «МРСК Центра и Приволжья»;Нижновэнерго/Арзамасские ЭС
ПС;;35/10;Югары;3.4;1974;ПАО «МРСК Центра и Приволжья»;Нижновэнерго/Семёновские ЭС
ПС;;35/10;Юрьево;2.5;1981;ПАО «МРСК Центра и Приволжья»;Нижновэнерго/Сергачские ЭС
ПС;;35/6;40 лет Октября;;;ЗАО «Свет»;
ПС;;35/6;Арефино;;;ООО «СМИ»;
ПС;;35/6;Беляйково;5;1950;ПАО «МРСК Центра и Приволжья»;Нижновэнерго/Южные ЭС
ПС;;35/6;Бортсурманы;1.6;1979;ПАО «МРСК Центра и Приволжья»;Нижновэнерго/Сергачские ЭС
ПС;;35/6;БОЭМЗ;5.7;1980;ПАО «МРСК Центра и Приволжья»;Нижновэнерго/Балахнинские ЭС
ПС;;35/6;Вареж;7.2;1999;ПАО «МРСК Центра и Приволжья»;Нижновэнерго/Кстовские ЭС
ПС;;35/6;Восточная;32;1960;ПАО «МРСК Центра и Приволжья»;Нижновэнерго/Кстовские ЭС
ПС;;35/6;Восход;4;;ООО «ЭМКО»;
ПС;;35/6;Горбатовская;7.2;1981;ПАО «МРСК Центра и Приволжья»;Нижновэнерго/Кстовские ЭС
ПС;;35/6;Гриденинская;5;1979;ПАО «МРСК Центра и Приволжья»;Нижновэнерго/Балахнинские ЭС
ПС;;35/6;ДОЗ-2;6.5;2002;ПАО «МРСК Центра и Приволжья»;Нижновэнерго/Кстовские ЭС
ПС;;35/6;Дружба;12.6;1979;ПАО «МРСК Центра и Приволжья»;Нижновэнерго/Южные ЭС
ПС;;35/6;Елизарово;8;1969;ПАО «МРСК Центра и Приволжья»;Нижновэнерго/Южные ЭС
ПС;;35/6;Западная;32;1956;ПАО «МРСК Центра и Приволжья»;Нижновэнерго/Кстовские ЭС
ПС;;35/6;Красный якорь;1;;;
ПС;;35/6;КПП;;;ООО «Стекло-Люкс»;
ПС;;35/6;Марковская;7.2;1962;ПАО «МРСК Центра и Приволжья»;Нижновэнерго/Балахнинские ЭС
ПС;;35/6;МЗ-4 (Мельзавод);3.8;;ООО «Сеймовские мельницы»;
ПС;;35/6;Мокрое;20;1966;ПАО «МРСК Центра и Приволжья»;Нижновэнерго/Кстовские ЭС
ПС;;35/6;Память Парижской Коммуны;5.7;1995;ПАО «МРСК Центра и Приволжья»;Нижновэнерго/Семёновские ЭС
ПС;;35/6;ПОМЗ;6.5;;ОАО «Павловский опытно-механический завод»;
ПС;;35/6;Пруды;2.5;;ООО «ЭМКО»;
ПС;;35/6;Родиониха;3.2;1964;ПАО «МРСК Центра и Приволжья»;Нижновэнерго/Южные ЭС
ПС;;35/6;Саваслейка;20;1984;ПАО «МРСК Центра и Приволжья»;Нижновэнерго/Южные ЭС
ПС;;35/6;СГ-32;1.56;;ПАО «МРСК Центра и Приволжья»;Нижновэнерго/Семёновские ЭС
ПС;;35/6;СГ-36;2.8;1951;ПАО «МРСК Центра и Приволжья»;Нижновэнерго/Семёновские ЭС
ПС;;35/6;СГ-38;;;ООО «Стекло-Люкс»;
ПС;;35/6;Слизнево;8;1976;ПАО «МРСК Центра и Приволжья»;Нижновэнерго/Арзамасские ЭС
ПС;;35/6;Судоверфь;8;;ОАО «Чкаловская судоверфь»;
ПС;;35/6;Ушаково;5;1989;ПАО «МРСК Центра и Приволжья»;Нижновэнерго/Кстовские ЭС
ПС;;35/6;Филинская;8;1967;ПАО «МРСК Центра и Приволжья»;Нижновэнерго/Южные ЭС
ПС;;35/6;Фокинская низина-2;1.6;1989;ПАО «МРСК Центра и Приволжья»;Нижновэнерго/Кстовские ЭС
ПС;;35/6;Фролищи;5;1974;ПАО «МРСК Центра и Приволжья»;Нижновэнерго/Дзержинские ЭС
ПС;;35/6;Чулково;3.5;1982;ПАО «МРСК Центра и Приволжья»;Нижновэнерго/Южные ЭС
ПС;;35/6;Юганец;20;;АО «Оборонэнерго»;
ПС;;35/6;Яковцево;3;1949;ПАО «МРСК Центра и Приволжья»;Нижновэнерго/Южные ЭС
ПС;;35/6;Ямново;1.8;;ООО «Волгоэлектросеть»;
ПС;;35/6/0.4;Кстовская;11.63;;ПАО «МРСК Центра и Приволжья»;Нижновэнерго/Кстовские ЭС
ПС;;35/0.4;Гидронамыв-1;1;;ГФУ по обеспечению инженерных защит Чебоксарского водохраналища по Нижегородской области;Курмышский ремонтно-эксплуатационный участок
ПС;;35/0.4;Гидронамыв-2;0.8;;ГФУ по обеспечению инженерных защит Чебоксарского водохраналища по Нижегородской области;Курмышский ремонтно-эксплуатационный участок
ПС;;35/0.4;Гидронамыв-3;;;ГФУ по обеспечению инженерных защит Чебоксарского водохраналища по Нижегородской области;Курмышский ремонтно-эксплуатационный участок
ПС;;35/0.4;Кайск;0.5;;ГУФСИН России по Нижегородской области;
ПС;;35/0.4;Комариха;0.63;;;
ПС;;35/0.4;Метрострой;0.56;;;
ПС;;35/0.4;Мирный;1.68;;ГУФСИН России по Нижегородской области;
ПС;1;35/0.4;Насосные Михайловской низины;;;ГФУ по обеспечению инженерных защит Чебоксарского водохраналища по Нижегородской области;Заречный ремонтно-эксплуатационный участок
ПС;2;35/0.4;Насосные Михайловской низины;;;ГФУ по обеспечению инженерных защит Чебоксарского водохраналища по Нижегородской области;Заречный ремонтно-эксплуатационный участок
ПС;3;35/0.4;Насосные Михайловской низины;;;ГФУ по обеспечению инженерных защит Чебоксарского водохраналища по Нижегородской области;Заречный ремонтно-эксплуатационный участок
ПС;1;35/0.4;Насосные Фокинской низины;0.4;;ГФУ по обеспечению инженерных защит Чебоксарского водохраналища по Нижегородской области;Воротынский ремонтно-эксплуатационный участок
ПС;2;35/0.4;Насосные Фокинской низины;0.4;;ГФУ по обеспечению инженерных защит Чебоксарского водохраналища по Нижегородской области;Воротынский ремонтно-эксплуатационный участок
ПС;3;35/0.4;Насосные Фокинской низины;0.4;;ГФУ по обеспечению инженерных защит Чебоксарского водохраналища по Нижегородской области;Воротынский ремонтно-эксплуатационный участок
ПС;;35/0.4;Постой;0.5;;;
ПС;;35/0.4;Чибирь;0.5;;ГБУЗ НО «Областная психоневрологическая больница №2»;
ПС;;35;Сахарный завод;;;ОАО «Сергачский сахарный завод»;