Оператор;№ ПС/ТП;Наименование;Классы напряжения;Трансформаторы;Установленная мощность, МВА
"""Восточные электрические сети"" АО ""РЭС""";1;Барышевская;110/10;2x25;50
"""Восточные электрические сети"" АО ""РЭС""";2;Бердская;110/10;2x40;80
"""Восточные электрические сети"" АО ""РЭС""";3;Вертковская;110/10;2x40;80
"""Восточные электрические сети"" АО ""РЭС""";4;Воинская;110/10/6;2x25;50
"""Восточные электрические сети"" АО ""РЭС""";5;Волочаевская;110/10;2x16;32
"""Восточные электрические сети"" АО ""РЭС""";6;Вороново;110/10;2x25;50
"""Восточные электрические сети"" АО ""РЭС""";7;Вымпел;110/10/6;2x40;80
"""Восточные электрические сети"" АО ""РЭС""";8;Горская;110/10;2x25;50
"""Восточные электрические сети"" АО ""РЭС""";9;Дзержинская;110/10;2x25;50
"""Восточные электрические сети"" АО ""РЭС""";10;Ельцовская;110/6;1x40, 1x40.5 ;80.5
"""Восточные электрические сети"" АО ""РЭС""";11;Ересная;110/10;2x25;50
"""Восточные электрические сети"" АО ""РЭС""";12;Ефремовская;110/10;2x40;80
"""Восточные электрические сети"" АО ""РЭС""";13;Западная;110/35/10;2x40;80
"""Восточные электрические сети"" АО ""РЭС""";14;Заречная;110/10;2x25;50
"""Восточные электрические сети"" АО ""РЭС""";15;Инская;110/10;2x40;80
"""Восточные электрические сети"" АО ""РЭС""";16;Инструментальная;110/6;2x40;80
"""Восточные электрические сети"" АО ""РЭС""";17;Искитимская (1Т и 2Т) ;110/10/6;2x40;80
"""Восточные электрические сети"" АО ""РЭС""";18;Искитимская (3Т и 4Т) ;110/3;2x15;30
"""Восточные электрические сети"" АО ""РЭС""";19;Кирзаводская;110/10;2x25;50
"""Восточные электрические сети"" АО ""РЭС""";20;Кировская;110/10;2x40;80
"""Восточные электрические сети"" АО ""РЭС""";21;Комсомольская;110/6;2x16;32
"""Восточные электрические сети"" АО ""РЭС""";22;Красногорская;110/10/6;1x40, 1x25 ;65
"""Восточные электрические сети"" АО ""РЭС""";23;Кудряшовская;110/10;2x16;32
"""Восточные электрические сети"" АО ""РЭС""";24;Лазурная;110/6;2x10;20
"""Восточные электрические сети"" АО ""РЭС""";25;Лесная;110/6;2x10;20
"""Восточные электрические сети"" АО ""РЭС""";26;Луговая;110/10;2x16;32
"""Восточные электрические сети"" АО ""РЭС""";27;Мостовая;110/6;2x25;50
"""Восточные электрические сети"" АО ""РЭС""";28;Мочище;110/10;2x40;80
"""Восточные электрические сети"" АО ""РЭС""";29;Мясокомбинатская;110/10/6;2x40;80
"""Восточные электрические сети"" АО ""РЭС""";30;Новая;110/10;2x25;50
"""Восточные электрические сети"" АО ""РЭС""";31;Обская;110/10;2x40;80
"""Восточные электрические сети"" АО ""РЭС""";32;Октябрьская;110/6;2x40;80
"""Восточные электрические сети"" АО ""РЭС""";33;Оловозаводская;110/10;2x63;126
"""Восточные электрические сети"" АО ""РЭС""";34;Пашино;110/10;2x32;64
"""Восточные электрические сети"" АО ""РЭС""";35;Первомайская;110/10;2x25;50
"""Восточные электрические сети"" АО ""РЭС""";36;ПП Библиотечный ;110/10/6;3x40;120
"""Восточные электрические сети"" АО ""РЭС""";37;Сварная;110/10;2x25;50
"""Восточные электрические сети"" АО ""РЭС""";38;Светлая;110/10;2x40;80
"""Восточные электрические сети"" АО ""РЭС""";39;Северная;110/35/6;3x40;120
"""Восточные электрические сети"" АО ""РЭС""";40;Силикатная;110/10;2x16;32
"""Восточные электрические сети"" АО ""РЭС""";41;Солнечная;110/10;2x25;50
"""Восточные электрические сети"" АО ""РЭС""";42;Сосновка;110/10;2x16;32
"""Восточные электрические сети"" АО ""РЭС""";43;Стрелочная;110/6;2x25;50
"""Восточные электрические сети"" АО ""РЭС""";44;Театральная;110/10/6;2x40;80
"""Восточные электрические сети"" АО ""РЭС""";45;Текстильная;110/10;1x40, 1x25 ;65
"""Восточные электрические сети"" АО ""РЭС""";46;Тепловая;110/10/6;2x40;80
"""Восточные электрические сети"" АО ""РЭС""";47;Толмачевская;110/35/10;2x40;80
"""Восточные электрические сети"" АО ""РЭС""";48;Учительская;110/10;2x25;50
"""Восточные электрические сети"" АО ""РЭС""";49;Фрунзенская;110/10;2x40;80
"""Восточные электрические сети"" АО ""РЭС""";50;Центральная;110/10/6;2x40;80
"""Восточные электрические сети"" АО ""РЭС""";51;Челюскинская;110/10;2x40;80
"""Восточные электрические сети"" АО ""РЭС""";52;Электровозная;110/35/6;1x31.5, 1x40 ;71.5
"""Западные электрические сети"" АО ""РЭС""";1;Антоновка;110/35/10;2x6.3;12.6
"""Западные электрические сети"" АО ""РЭС""";2;Бараба;110/10;2x10;20
"""Западные электрические сети"" АО ""РЭС""";3;Биаза;110/10;1x6.3;6.3
"""Западные электрические сети"" АО ""РЭС""";4;Булатово;35/10;1x1.6;1.6
"""Западные электрические сети"" АО ""РЭС""";5;Верх-Ича;35/10;1x7.5, 1x2.5;10
"""Западные электрические сети"" АО ""РЭС""";6;Верх-Каргат;35/10;1x2.5, 1x1.6;4.1
"""Западные электрические сети"" АО ""РЭС""";7;Верх-Красноярка;35/10;1x1.6;1.6
"""Западные электрические сети"" АО ""РЭС""";8;Верх-Урюм;110/10;1x2.5;2.5
"""Западные электрические сети"" АО ""РЭС""";9;Гандичи;35/10;1x3.2, 1x6.3;9.5
"""Западные электрические сети"" АО ""РЭС""";10;Гурманка;110/10;1x2.5;2.5
"""Западные электрические сети"" АО ""РЭС""";11;Здвинская;110/35/10;2x10;20
"""Западные электрические сети"" АО ""РЭС""";12;Зоново;35/10;2x2.5;5
"""Западные электрические сети"" АО ""РЭС""";13;Зюзя;35/10;2x1.6;3.2
"""Западные электрические сети"" АО ""РЭС""";14;Казанцево;35/10;1x2.5;2.5
"""Западные электрические сети"" АО ""РЭС""";15;Кама;35/10;2x1.6;3.2
"""Западные электрические сети"" АО ""РЭС""";16;Карасёво;35/10;2x2.5;5
"""Западные электрические сети"" АО ""РЭС""";17;Куйбышевская;110/10;2x25;50
"""Западные электрические сети"" АО ""РЭС""";18;Кульча;35/10;2x1.6;3.2
"""Западные электрические сети"" АО ""РЭС""";19;Лянино;110/10;2x6.3;12.6
"""Западные электрические сети"" АО ""РЭС""";20;Новодубровка;35/10;1x2.5;2.5
"""Западные электрические сети"" АО ""РЭС""";21;Новотроицк;35/10;1x2.5;2.5
"""Западные электрические сети"" АО ""РЭС""";22;Оленёнок;110/35/10;2x10;20
"""Западные электрические сети"" АО ""РЭС""";23;Орловка;35/10;1x1;1
"""Западные электрические сети"" АО ""РЭС""";24;Отрадное;35/10;1x2.5, 1x1.6;4.1
"""Западные электрические сети"" АО ""РЭС""";25;Петраки;35/10;1x2.5;2.5
"""Западные электрические сети"" АО ""РЭС""";26;Пешково;110/35/10;2x6.3;12.6
"""Западные электрические сети"" АО ""РЭС""";27;Пионерская;110/10;2x2.5;5
"""Западные электрические сети"" АО ""РЭС""";28;Победа;35/10;1x2.5;2.5
"""Западные электрические сети"" АО ""РЭС""";29;Полярная;110/35/10;2x10;20
"""Западные электрические сети"" АО ""РЭС""";30;Раисино;35/10;1x2.5;2.5
"""Западные электрические сети"" АО ""РЭС""";31;Сергино;110/10;2x2.5;5
"""Западные электрические сети"" АО ""РЭС""";32;Совхозная;35/10;1x2.5;2.5
"""Западные электрические сети"" АО ""РЭС""";33;Степная;110/10;1x2.5;2.5
"""Западные электрические сети"" АО ""РЭС""";34;Тандовская;110/35/10;2x6.3;12.6
"""Западные электрические сети"" АО ""РЭС""";35;Таскаево;35/10;1x2.5, 1x3.2;5.7
"""Западные электрические сети"" АО ""РЭС""";36;Чуваши;35/10;1x1.6;1.6
"""Западные электрические сети"" АО ""РЭС""";37;Чумаково;110/35/10;2x6.3;12.6
"""Карасукские электрические сети"" АО ""РЭС""";1;Андреевская;35/10;2x2.5;5
"""Карасукские электрические сети"" АО ""РЭС""";2;Баганская;110/35/10;2x10;20
"""Карасукские электрические сети"" АО ""РЭС""";3;Благовещенская;35/10;1x1;1
"""Карасукские электрические сети"" АО ""РЭС""";4;Васильковская;35/10;1x2.5;2.5
"""Карасукские электрические сети"" АО ""РЭС""";5;Веселовская;110/10;2x2.5;5
"""Карасукские электрические сети"" АО ""РЭС""";6;Знаменская;35/10;1x1.6;1.6
"""Карасукские электрические сети"" АО ""РЭС""";7;Зубковская;110/10;1x2.5, 1x6.3;8.8
"""Карасукские электрические сети"" АО ""РЭС""";8;Ивановская;35/10;2x1.6;3.2
"""Карасукские электрические сети"" АО ""РЭС""";9;Ирбизинская;110/10;2x2.5;5
"""Карасукские электрические сети"" АО ""РЭС""";10;Искра;35/10;1x1.6;1.6
"""Карасукские электрические сети"" АО ""РЭС""";11;Казанакская;35/10;1x1.6;1.6
"""Карасукские электрические сети"" АО ""РЭС""";12;Калиновская;110/10;2x2.5;5
"""Карасукские электрические сети"" АО ""РЭС""";13;Камышинская;110/10;1x2.5;2.5
"""Карасукские электрические сети"" АО ""РЭС""";14;Карасукская;110/10;1x15, 1x16;31
"""Карасукские электрические сети"" АО ""РЭС""";15;Краснозерская;110/35/10;2x16;32
"""Карасукские электрические сети"" АО ""РЭС""";16;Кузган;35/10;2x1.6;3.2
"""Карасукские электрические сети"" АО ""РЭС""";17;Купинская;110/35/10;2x16;32
"""Карасукские электрические сети"" АО ""РЭС""";18;Лобинская;35/10;2x1.6;3.2
"""Карасукские электрические сети"" АО ""РЭС""";19;Лягушинская;35/10;1x1.6, 1x2.5;4.1
"""Карасукские электрические сети"" АО ""РЭС""";20;Метелевская;35/10;1x1.6, 1x1.8;3.4
"""Карасукские электрические сети"" АО ""РЭС""";21;Молодежная;110/10;1x2.5;2.5
"""Карасукские электрические сети"" АО ""РЭС""";22;Морозовская;110/10;1x7.5, 1x10;17.5
"""Карасукские электрические сети"" АО ""РЭС""";23;Невская;35/10;1x1.8;1.8
"""Карасукские электрические сети"" АО ""РЭС""";24;Нива;110/10;2x2.5;5
"""Карасукские электрические сети"" АО ""РЭС""";25;Ореховская;35/10;1x3.2, 1x2.5;5.7
"""Карасукские электрические сети"" АО ""РЭС""";26;Палецкая;35/10;1x4, 1x2.5;6.5
"""Карасукские электрические сети"" АО ""РЭС""";27;Петропавловская;110/10;1x6.3, 1x10;16.3
"""Карасукские электрические сети"" АО ""РЭС""";28;Половинская;35/10;1x3.2, 1x4;7.2
"""Карасукские электрические сети"" АО ""РЭС""";29;Полойская;35/10;2x1.6;3.2
"""Карасукские электрические сети"" АО ""РЭС""";30;Рождественская;35/10;2x1.6;3.2
"""Карасукские электрические сети"" АО ""РЭС""";31;Савкинская;110/10;2x6.3;12.6
"""Карасукские электрические сети"" АО ""РЭС""";32;Спасская;110/35/10;2x10;20
"""Карасукские электрические сети"" АО ""РЭС""";33;Студеновское;35/10;1x1.6, 1x2.5;4.1
"""Карасукские электрические сети"" АО ""РЭС""";34;Хорошинская;110/10;2x2.5;5
"""Карасукские электрические сети"" АО ""РЭС""";35;Целинная;110/10;1x6.3;6.3
"""Карасукские электрические сети"" АО ""РЭС""";36;Чаинская;35/10;1x1.6, 1x2.5;4.1
"""Карасукские электрические сети"" АО ""РЭС""";37;Шилово-Курьинская;110/10;2x2.5;5
"""Приобские электрические сети"" АО ""РЭС""";1;Александровка;35/10;1x2.5, 1x1.6;4.1
"""Приобские электрические сети"" АО ""РЭС""";2;Байкал;35/10;2x2.5;5
"""Приобские электрические сети"" АО ""РЭС""";3;Барлак;35/10;2x6.3;12.6
"""Приобские электрические сети"" АО ""РЭС""";4;Берёзовская;110/35/10;2x16;32
"""Приобские электрические сети"" АО ""РЭС""";5;Боровская;110/10;2x6.3;12.6
"""Приобские электрические сети"" АО ""РЭС""";6;Вассино;35/10;2x4;8
"""Приобские электрические сети"" АО ""РЭС""";7;Верх-Ирмень;110/10;1x10, 1x6.3;16.3
"""Приобские электрические сети"" АО ""РЭС""";8;Верх-Тула;35/10;2x16;32
"""Приобские электрические сети"" АО ""РЭС""";9;Верх-Чик;35/10;1x1, 1x1.6;2.6
"""Приобские электрические сети"" АО ""РЭС""";10;Владимировка;35/10;1x1.6;1.6
"""Приобские электрические сети"" АО ""РЭС""";11;Галинская;110/10;2x6.3;12.6
"""Приобские электрические сети"" АО ""РЭС""";12;Гутово;35/10;2x2.5;5
"""Приобские электрические сети"" АО ""РЭС""";13;Дергаусово;110/35/10;2x10;20
"""Приобские электрические сети"" АО ""РЭС""";14;Дивинка;35/10;1x1;1
"""Приобские электрические сети"" АО ""РЭС""";15;Долгово;35/10;2x1.6;3.2
"""Приобские электрические сети"" АО ""РЭС""";16;Железнодорожная;110/10;2x16;32
"""Приобские электрические сети"" АО ""РЭС""";17;Животновод;110/10;2x16;32
"""Приобские электрические сети"" АО ""РЭС""";18;Зудово;35/10;1x3.2, 1x1.6;4.8
"""Приобские электрические сети"" АО ""РЭС""";19;Камнереченская;110/6;2x10;20
"""Приобские электрические сети"" АО ""РЭС""";20;Киик;35/10;1x2.5, 1x1.8;4.3
"""Приобские электрические сети"" АО ""РЭС""";21;Кирза;110/35/10;2x6.3;12.6
"""Приобские электрические сети"" АО ""РЭС""";22;Красноярская;110/10;2x6.3;12.6
"""Приобские электрические сети"" АО ""РЭС""";23;Кругликово;35/10;2x1;2
"""Приобские электрические сети"" АО ""РЭС""";24;Кунчурук;35/10;2x2.5;5
"""Приобские электрические сети"" АО ""РЭС""";25;Курундус;35/10;1x4, 1x2.5;6.5
"""Приобские электрические сети"" АО ""РЭС""";26;Морская;110/6;2x6.3;12.6
"""Приобские электрические сети"" АО ""РЭС""";27;Моховая;110/35/10;2x16;32
"""Приобские электрические сети"" АО ""РЭС""";28;Новопичуговская;110/10;2x6.3;12.6
"""Приобские электрические сети"" АО ""РЭС""";29;Ордынская;110/35/10;2x25;50
"""Приобские электрические сети"" АО ""РЭС""";30;Петровская;35/10;2x2.5;5
"""Приобские электрические сети"" АО ""РЭС""";31;Плановая;110/10;2x10;20
"""Приобские электрические сети"" АО ""РЭС""";32;Плотниково;110/10;2x10;20
"""Приобские электрические сети"" АО ""РЭС""";33;Пролетарская;110/10;1x2.5, 1x10;12.5
"""Приобские электрические сети"" АО ""РЭС""";34;Роща;35/10;2x1.6;3.2
"""Приобские электрические сети"" АО ""РЭС""";35;Спирино;35/10;2x4;8
"""Приобские электрические сети"" АО ""РЭС""";36;Средний Алеус;110/10;2x6.3;12.6
"""Приобские электрические сети"" АО ""РЭС""";37;Сурково;35/10;2x1.6;3.2
"""Приобские электрические сети"" АО ""РЭС""";38;Усть-Каменка;35/10;1x1.6, 1x2.5;4.1
"""Приобские электрические сети"" АО ""РЭС""";39;Филиппово;35/10;1x1.6;1.6
"""Приобские электрические сети"" АО ""РЭС""";40;Шарап;35/10;2x6.3;12.6
"""Приобские электрические сети"" АО ""РЭС""";41;Шахты;35/6;1x2.5;2.5
"""Приобские электрические сети"" АО ""РЭС""";42;Юрты;35/10;2x4;8
"""Приобские электрические сети"" АО ""РЭС""";43;Юрьевская;110/10;2x10;20
"""Приобские электрические сети"" АО ""РЭС""";44;Ярковская;110/10;2x6.3;12.6
"""Татарские электрические сети"" АО ""РЭС""";1;Б-Юдино;110/10;2x2.5;5
"""Татарские электрические сети"" АО ""РЭС""";2;Блюдчанская;110/35/10;1x10;10
"""Татарские электрические сети"" АО ""РЭС""";3;Венгерово;110/35/10;2x16;32
"""Татарские электрические сети"" АО ""РЭС""";4;Еланская;35/10;1x2.5;2.5
"""Татарские электрические сети"" АО ""РЭС""";5;Звезда;35/10;1x1.6;1.6
"""Татарские электрические сети"" АО ""РЭС""";6;Казаткуль;110/10;1x2.5;2.5
"""Татарские электрические сети"" АО ""РЭС""";7;Казачий Мыс;35/10;1x2.5;2.5
"""Татарские электрические сети"" АО ""РЭС""";8;Киевка;110/10;2x6.3;12.6
"""Татарские электрические сети"" АО ""РЭС""";9;Козинская;35/10;2x1.6;3.2
"""Татарские электрические сети"" АО ""РЭС""";10;Константиновка;35/10;1x1.6;1.6
"""Татарские электрические сети"" АО ""РЭС""";11;Красносельская;110/35/10;2x6.3;12.6
"""Татарские электрические сети"" АО ""РЭС""";12;Красноярка;35/10;1x2.5;2.5
"""Татарские электрические сети"" АО ""РЭС""";13;Куляба;110/10;1x2.5;2.5
"""Татарские электрические сети"" АО ""РЭС""";14;Кыштовская;110/35/10;1x6.3, 1x10;16.3
"""Татарские электрические сети"" АО ""РЭС""";15;Лагунак;110/35/10;1x6.3;6.3
"""Татарские электрические сети"" АО ""РЭС""";16;Лопатино;110/10;2x2.5;5
"""Татарские электрические сети"" АО ""РЭС""";17;Малинино;35/10;1x1.6;1.6
"""Татарские электрические сети"" АО ""РЭС""";18;Межовка;110/10;1x2.5;2.5
"""Татарские электрические сети"" АО ""РЭС""";19;Мироновская;35/10;1x2.5;2.5
"""Татарские электрические сети"" АО ""РЭС""";20;Надежда;35/10;1x2.5;2.5
"""Татарские электрические сети"" АО ""РЭС""";21;Николаевка;35/10;2x1.6;3.2
"""Татарские электрические сети"" АО ""РЭС""";22;Никулино;35/10;2x1.6;3.2
"""Татарские электрические сети"" АО ""РЭС""";23;Ново-Кулында;110/35/10;1x5.6, 1x6.3;11.9
"""Татарские электрические сети"" АО ""РЭС""";24;Новосилишская;35/10;1x2.5;2.5
"""Татарские электрические сети"" АО ""РЭС""";25;Новочекино;35/10;1x1.6;1.6
"""Татарские электрические сети"" АО ""РЭС""";26;Ночка;110/10;1x6.3;6.3
"""Татарские электрические сети"" АО ""РЭС""";27;Оглухинская;35/10;1x1.6;1.6
"""Татарские электрические сети"" АО ""РЭС""";28;Орловка;35/10;1x1;1
"""Татарские электрические сети"" АО ""РЭС""";29;Осинцево;35/10;1x4;4
"""Татарские электрические сети"" АО ""РЭС""";30;Островская;35/10;1x2.5;2.5
"""Татарские электрические сети"" АО ""РЭС""";31;Отреченская;35/10;1x1.6;1.6
"""Татарские электрические сети"" АО ""РЭС""";32;Песчаная;35/10;1x2.5;2.5
"""Татарские электрические сети"" АО ""РЭС""";33;Романовская;35/10;1x2.5;2.5
"""Татарские электрические сети"" АО ""РЭС""";34;Сергеевская;35/10;1x1.6;1.6
"""Татарские электрические сети"" АО ""РЭС""";35;Сибирская;110/35/10;2x6.3;12.6
"""Татарские электрические сети"" АО ""РЭС""";36;Суворовская;35/10;1x1;1
"""Татарские электрические сети"" АО ""РЭС""";37;Таган;35/10;1x1.6;1.6
"""Татарские электрические сети"" АО ""РЭС""";38;Тихоновская;35/10;1x1.6;1.6
"""Татарские электрические сети"" АО ""РЭС""";39;Туруновка;35/10;1x1.6;1.6
"""Татарские электрические сети"" АО ""РЭС""";40;Увальск;35/10;1x1.6, 1x2.5;4.1
"""Татарские электрические сети"" АО ""РЭС""";41;Ускюль;35/10;2x1;2
"""Татарские электрические сети"" АО ""РЭС""";42;Усть-Изес;35/10;1x2.5;2.5
"""Татарские электрические сети"" АО ""РЭС""";43;Усть-Ламенка;35/10;1x1.6;1.6
"""Татарские электрические сети"" АО ""РЭС""";44;Усть-Таркская;110/35/10;2x10;20
"""Татарские электрические сети"" АО ""РЭС""";45;Черниговка;35/10;1x1.8;1.8
"""Татарские электрические сети"" АО ""РЭС""";46;Чистоозерная;110/35/10;2x10;20
"""Татарские электрические сети"" АО ""РЭС""";47;Шипицино;35/10;1x2.5;2.5
"""Татарские электрические сети"" АО ""РЭС""";48;Щегловская;35/10;2x1.6;3.2
"""Татарские электрические сети"" АО ""РЭС""";49;Яр-Матюшкино ;35/10;1x2.5;2.5
"""Чулымские электрические сети"" АО ""РЭС""";1;Базово;35/10;2x1.6;3.2
"""Чулымские электрические сети"" АО ""РЭС""";2;Баклуши;35/10;1x2.5, 1x1.6;4.1
"""Чулымские электрические сети"" АО ""РЭС""";3;Барановка;110/10;2x2.5;5
"""Чулымские электрические сети"" АО ""РЭС""";4;Б-Никольск;35/10;1x1.6, 1x2.5;4.1
"""Чулымские электрические сети"" АО ""РЭС""";5;Боярка;110/35/10;2x10;20
"""Чулымские электрические сети"" АО ""РЭС""";6;Быструха;110/10;1x2.5;2.5
"""Чулымские электрические сети"" АО ""РЭС""";7;Воздвиженка;110/35/10;2x6.3;12.6
"""Чулымские электрические сети"" АО ""РЭС""";8;Волчанка;35/10;2x1.6;3.2
"""Чулымские электрические сети"" АО ""РЭС""";9;Воробьево;110/10;2x6.3;12.6
"""Чулымские электрические сети"" АО ""РЭС""";10;Вьюны;35/10;1x2.5;2.5
"""Чулымские электрические сети"" АО ""РЭС""";11;Гавриловка;35/10;2x4;8
"""Чулымские электрические сети"" АО ""РЭС""";12;Гривенская;110/10;2x2.5;5
"""Чулымские электрические сети"" АО ""РЭС""";13;Довольное;110/35/10;1x10, 1x16;26
"""Чулымские электрические сети"" АО ""РЭС""";14;Ильинка;110/10;2x6.3;12.6
"""Чулымские электрические сети"" АО ""РЭС""";15;Кандаурово;110/10;2x2.5;5
"""Чулымские электрические сети"" АО ""РЭС""";16;Катково;110/10;2x6.3;12.6
"""Чулымские электрические сети"" АО ""РЭС""";17;Колывань;110/10;2x16;32
"""Чулымские электрические сети"" АО ""РЭС""";18;Кольцовка;35/10;2x2.5;5
"""Чулымские электрические сети"" АО ""РЭС""";19;Комарье;110/10;2x2.5;5
"""Чулымские электрические сети"" АО ""РЭС""";20;Королевка;35/10;1x0.63;0.63
"""Чулымские электрические сети"" АО ""РЭС""";21;Кочки;110/10;2x10;20
"""Чулымские электрические сети"" АО ""РЭС""";22;Куликовка;35/10;2x1;2
"""Чулымские электрические сети"" АО ""РЭС""";23;Маршанка;35/10;1x2.5, 1x4;6.5
"""Чулымские электрические сети"" АО ""РЭС""";24;Мусы;35/10;1x1;1
"""Чулымские электрические сети"" АО ""РЭС""";25;Новокремлевская;110/10;1x6.3, 1x10;16.3
"""Чулымские электрические сети"" АО ""РЭС""";26;Новомихайловская;110/10;1x2.5, 1x6.3;8.8
"""Чулымские электрические сети"" АО ""РЭС""";27;Н-Решеты;35/10;1x2.5;2.5
"""Чулымские электрические сети"" АО ""РЭС""";28;Овражная;35/10;1x1.6, 1x4;5.6
"""Чулымские электрические сети"" АО ""РЭС""";29;Овчинниково;110/10;1x2.5;2.5
"""Чулымские электрические сети"" АО ""РЭС""";30;Озерки;35/10;2x2.5;5
"""Чулымские электрические сети"" АО ""РЭС""";31;Пенек;35/10;1x1, 1x1.6;2.6
"""Чулымские электрические сети"" АО ""РЭС""";32;Пихтовка;35/10;1x4, 1x2.5;6.5
"""Чулымские электрические сети"" АО ""РЭС""";33;Поваренка;35/10;1x1.6;1.6
"""Чулымские электрические сети"" АО ""РЭС""";34;Пономаревка;35/10;1x2.5;2.5
"""Чулымские электрические сети"" АО ""РЭС""";35;Решеты;110/10;1x6.3, 1x10;16.3
"""Чулымские электрические сети"" АО ""РЭС""";36;Серебрянка;110/10;1x6.3, 1x2.5;8.8
"""Чулымские электрические сети"" АО ""РЭС""";37;Сибирская;35/10;2x1;2
"""Чулымские электрические сети"" АО ""РЭС""";38;Согорное;35/10;2x1.6;3.2
"""Чулымские электрические сети"" АО ""РЭС""";39;Сокол;110/10;2x16;32
"""Чулымские электрические сети"" АО ""РЭС""";40;Спутник;110/35/10;2x10;20
"""Чулымские электрические сети"" АО ""РЭС""";41;Суздалка;110/10;1x2.5;2.5
"""Чулымские электрические сети"" АО ""РЭС""";42;Сумы;35/10;2x1.6;3.2
"""Чулымские электрические сети"" АО ""РЭС""";43;Травное;35/10;2x1.6;3.2
"""Чулымские электрические сети"" АО ""РЭС""";44;Троицк;35/10;1x2.5;2.5
"""Чулымские электрические сети"" АО ""РЭС""";45;Ужаниха;35/10;2x2.5;5
"""Чулымские электрические сети"" АО ""РЭС""";46;Утянка;35/10;2x2.5;5
"""Чулымские электрические сети"" АО ""РЭС""";47;Федосиха;35/10;2x4;8
"""Чулымские электрические сети"" АО ""РЭС""";48;Ф-Каргат;35/10;1x1.6;1.6
"""Чулымские электрические сети"" АО ""РЭС""";49;Черновка;110/35/10;2x6.3;12.6
"""Чулымские электрические сети"" АО ""РЭС""";50;Чикман;35/10;1x2.5, 1x1.6;4.1
"""Чулымские электрические сети"" АО ""РЭС""";51;Шагалово;35/10;1x1.6, 1x2.5;4.1
"""Чулымские электрические сети"" АО ""РЭС""";52;Южино;35/10;1x4;4
"""Черепановские электрические сети"" АО ""РЭС""";1;Б. Изырак;35/10;1x2.5, 1x1.6;4.1
"""Черепановские электрические сети"" АО ""РЭС""";2;Безменово;35/10;2x6.3;12.6
"""Черепановские электрические сети"" АО ""РЭС""";3;Беловская;35/10;1x1.6;1.6
"""Черепановские электрические сети"" АО ""РЭС""";4;Битковская;110/35/10;1x10;10
"""Черепановские электрические сети"" АО ""РЭС""";5;Бобровская;110/35/10;2x10;20
"""Черепановские электрические сети"" АО ""РЭС""";6;Болтовская;35/10;1x1.6;1.6
"""Черепановские электрические сети"" АО ""РЭС""";7;Борково;35/10;1x1.6;1.6
"""Черепановские электрические сети"" АО ""РЭС""";8;Бурановка;35/10;2x2.5;5
"""Черепановские электрические сети"" АО ""РЭС""";9;Бурмистрово;35/10;2x4;8
"""Черепановские электрические сети"" АО ""РЭС""";10;Быстровская;35/10;2x6.3;12.6
"""Черепановские электрические сети"" АО ""РЭС""";11;В. Коенская;35/10;1x4;4
"""Черепановские электрические сети"" АО ""РЭС""";12;В. Сузунская;35/10;2x1.6;3.2
"""Черепановские электрические сети"" АО ""РЭС""";13;Весна;110/35/10;1x16, 1x25;41
"""Черепановские электрические сети"" АО ""РЭС""";14;Влажная;35/10;2x2.5;5
"""Черепановские электрические сети"" АО ""РЭС""";15;Воскресенская;110/10;2x2.5;5
"""Черепановские электрические сети"" АО ""РЭС""";16;Гилево;110/35/10;2x16;32
"""Черепановские электрические сети"" АО ""РЭС""";17;Гранит;110/35/10;1x7.5, 1x10;17.5
"""Черепановские электрические сети"" АО ""РЭС""";18;Дубровская;35/10;1x2.5;2.5
"""Черепановские электрические сети"" АО ""РЭС""";19;Егорьевская;35/6;1x2.5;2.5
"""Черепановские электрические сети"" АО ""РЭС""";20;Елбанская;35/10;2x2.5;5
"""Черепановские электрические сети"" АО ""РЭС""";21;Каргаполовская;35/10;2x2.5;5
"""Черепановские электрические сети"" АО ""РЭС""";22;Ключиковская;35/10;2x2.5;5
"""Черепановские электрические сети"" АО ""РЭС""";23;Куриловка;35/10;2x1.6;3.2
"""Черепановские электрические сети"" АО ""РЭС""";24;Лебедевская;110/10;2x6.3;12.6
"""Черепановские электрические сети"" АО ""РЭС""";25;Легостаево;110/35/10;2x10;20
"""Черепановские электрические сети"" АО ""РЭС""";26;Линевская;35/10;2x6.3;12.6
"""Черепановские электрические сети"" АО ""РЭС""";27;Листвянская;35/6;2x6.3;12.6
"""Черепановские электрические сети"" АО ""РЭС""";28;Мамоновская;35/10;2x4;8
"""Черепановские электрические сети"" АО ""РЭС""";29;Маслянинская;110/35/10;2x16;32
"""Черепановские электрические сети"" АО ""РЭС""";30;Медведск;35/10;2x4;8
"""Черепановские электрические сети"" АО ""РЭС""";31;Мильтюши;35/10;2x2.5;5
"""Черепановские электрические сети"" АО ""РЭС""";32;Мирная;110/10;2x10;20
"""Черепановские электрические сети"" АО ""РЭС""";33;Морозово;110/10;2x16;32
"""Черепановские электрические сети"" АО ""РЭС""";34;Нижнекаменская;35/10;1x2.5;2.5
"""Черепановские электрические сети"" АО ""РЭС""";35;Никоновская;110/10;1x6.3;6.3
"""Черепановские электрические сети"" АО ""РЭС""";36;Ново-Черепановская;110/10;2x6.3;12.6
"""Черепановские электрические сети"" АО ""РЭС""";37;Огнево-Заимковская;110/35/10;2x6.3;12.6
"""Черепановские электрические сети"" АО ""РЭС""";38;Пайвино;35/10;1x2.5, 1x1.6;4.1
"""Черепановские электрические сети"" АО ""РЭС""";39;Посевная;110/10;2x10;20
"""Черепановские электрические сети"" АО ""РЭС""";40;Преображенская;35/10;1x2.5;2.5
"""Черепановские электрические сети"" АО ""РЭС""";41;Птичья;110/35/10;2x10;20
"""Черепановские электрические сети"" АО ""РЭС""";42;Пушная;110/10;1x10;10
"""Черепановские электрические сети"" АО ""РЭС""";43;Сосновская;35/10;2x2.5;5
"""Черепановские электрические сети"" АО ""РЭС""";44;Сузунская;110/35/10;2x16;32
"""Черепановские электрические сети"" АО ""РЭС""";45;Тальменская;110/10;2x6.3;12.6
"""Черепановские электрические сети"" АО ""РЭС""";46;Улыбинская;35/10;1x7.5, 1x6.3;13.8
"""Черепановские электрические сети"" АО ""РЭС""";47;Холодновская;35/10;2x1.6;3.2
"""Черепановские электрические сети"" АО ""РЭС""";48;Шайдуровская;35/10;1x2.5;2.5
"""Черепановские электрические сети"" АО ""РЭС""";49;Шарчинская;35/10;1x2.5;2.5
"""Черепановские электрические сети"" АО ""РЭС""";50;Шипуновская;110/10;2x2.5;5
"""Черепановские электрические сети"" АО ""РЭС""";51;Шурыгинская ;110/10 ;1x5.6, 1x2.5;8.1
